CALENDAR_YEAR,MONTH_DESC,MONTH_CD,TAX_AMT,TOTAL_TAX_AMT,VOLUMN,TOTAL_VOLUMN,PRICE,PRICE_FACTORY,TOTAL_VOLUMN_CAPA,CAPA,VAL_RATE,TAXQTY_UNIT,ART_TAXV,ART_TOTALTAXV,LAG_TIME_TOTAL_TAX_AMT,LAG_TIME_TAX_AMT,LAG_TIME_TOTAL_VOLUMN,LAG_TIME_VOLUMN,TOTAL_GASOLINE,KEROSENE,TOTAL_DIESEL,LPG,TOTAL_Fuel,GDP_Agriculture,GDP_Non_Agriculture,Total_GDP,Pop_up_15,Total_Labor_Froce,Labor_Agr,Labor_Non_Agr,P_ULG95,P_HSD,P_LPG,Crude_WPrice,Change_OP,CPI,Inf,Inter,Exr,U_Em,Total_Auto,Total_Auto_Petrol,Total_Auto_Diesel,Total_Auto_LPG,Total_Auto_CNG,Total_Auto_Electricity,Total_Auto_Hybrid,CPI_OA,W_Avr,W_Pri,W_Plu
2554,มกราคม,1,22223015695,13716905932,4344678606,2863381017,0,0,36330693,12863116,11.05344816,5.076811011,3.704449504,5.150043468,0,0,0,0,633.632,1.172,1695.86,1105.3944,4113.0854,164351.67,1871498.67,2047414,54279.62,38619.17,13389.4,24537.52,25.03033871,26.4143871,10.4315,110.686,2.8155,99.65,3.37,5.32,31.5755,0.81,30322761,21592247,7405637,843450,265920,6312,22767,106.33,10547.01,8964.45,16943.19
2554,กุมภาพันธ์,2,21648693997,14072208363,4220639894,2914440243,0,0,74787446,3279386,11.22980508,4.969178559,5.021376722,6.429500324,13716905932,22223015695,2863381017,4344678606,605.778,1.391,1698.912,1013.9074,3948.4414,164701.33,1937753.33,2109519,54322.32,38798.15,13449.78,24607.89,26.66444483,27.77091379,10.91668966,119.327,8.641,101.33,3.34,5.25,30.7303,0.66,30483912,21695114,7444115,856446,270762,6228,23945,108.55,10579.26,8778.73,17839.65
2554,มีนาคม,3,25117017634,13536460466,4896327002,2865928392,0,0,37136713,33467702,11.58934526,5.101931488,3.734155817,5.349772639,14072208363,21648693997,2914440243,4220639894,639.865,1.342,1831.691,1152.6093,4269.9543,165051,2004008,2171624,54365.4,38955.14,13506.88,24688.2,27.04771935,27.63972581,10.2719,125.4454545,6.118454545,98.57,3.45,5.25,30.6901,0.73,30667049,21809442,7490151,872606,275828,6133,25009,110.26,10817.51,9267.39,17432.88
2554,เมษายน,4,22619551245,13245966460,4597110133,2848384458,0,0,36944019,31344400,11.86404405,4.974017621,3.488815787,5.101580488,13536460466,25117017634,2865928392,4896327002,614.701,1.244,1724.461,1123.4093,4106.2233,163452,2024071,2185274,54408.85,38909.27,13572.62,24571.16,27.18413,27.38014667,10.259,119.4216667,-6.023787879,98.49,2.47,5.24,30.8884,0.97,30804836,21887534,7531226,886244,279621,6059,25598,111.5833333,11453.95,9750.22,18382.53
2554,พฤษภาคม,5,8343328377,4914525087,4743274377,2967009074,0,0,61341049,53314004,11.38412611,3.887956411,2.687062049,3.752980946,13245966460,22619551245,2848384458,4597110133,632.2,1.261,1806.773,1154.913,4307.484,161853,2044134,2198924,54452.7,39006.98,14393.9,23874.57,25.15666452,25.87085484,10.3254,110.3395238,-9.082142857,99.2,2.52,5.23,31.3373,0.92,31037272,22033426,7590982,905418,284986,5963,26932,109.7166667,11137.12,9548.08,17200.3
2554,มิถุนายน,6,8602088899,5122472596,4670040043,2901899392,0,0,27604702,23363906,11.47470102,3.816963144,3.798328837,4.784513801,4914525087,8343328377,2967009074,4743274377,634.562,1.039,1700.86,1111.6111,4043.0591,160254,2064197,2212574,54496.9,39883.25,16356.29,23173.04,22.02649,23.53496667,10.474,95.15571429,-15.18380952,100.76,2.56,5.23,31.6539,0.67,31257709,22175373,7646741,920746,290051,5824,28287,108.01,11508.23,10060.91,16983.95
2554,กรกฏาคม,7,8322583936,4861064080,4358766393,2628064204,0,0,52106005,47026694,11.07654291,4.002510978,3.158345229,4.306255235,5122472596,8602088899,2901899392,4670040043,635.176,1.029,1650.258,1169.7852,4059.6532,161262.67,2068991,2218603.67,54541.58,40097.64,16871.87,22982.08,23.28427419,24.68904839,10.5795,102.6185714,7.462857143,101.31,2.73,5.22,31.653,0.56,31466422,22300261,7707777,935918,295135,5595,29837,109.1833333,11581.01,10020.74,17590.32
2554,สิงหาคม,8,8923523704,5322474529,4674530744,2879611813,0,0,152957635,63777200,11.43349853,4.006903451,3.019402933,4.165130806,4861064080,8322583936,2628064204,4358766393,645.674,0.853,1656.895,1215.3907,4109.4527,162271.33,2073785,2224633.33,54581.14,39800.75,16462.58,23080.47,26.01094839,26.64167419,10.5794,113.356087,10.73751553,101.64,2.69,5.2,31.4318,0.56,31655543,22412477,7764131,949263,300128,5395,31191,110.5733333,11181.89,9826.46,16482.81
2554,กันยายน,9,8322983685,4751166538,4360418465,2589910570,0,0,37741327,34495301,11.9968614,4.245208095,3.731851834,4.917326364,5322474529,8923523704,2879611813,4674530744,608.763,0.9,1554.557,1167.6685,3883.1385,163280,2078579,2230663,54618.56,39438.77,15691.6,23460.91,25.37102333,26.65266,10.5057,112.8636842,-0.492402746,101.03,3.38,5.21,30.9989,0.63,31849203,22531387,7817962,962244,306140,5158,32623,110.47,11184.11,9544.96,17285.56
2554,ตุลาคม,10,7946759895,4804299266,4123183124,2565348972,0,0,85441723,79415681,12.41980892,4.07524636,2.941640152,4.053894119,4751166538,8322983685,2589910570,4360418465,654.232,1.008,1666.54,1160.913,4084.759,164296.33,2094199.67,2250114,54658.07,39489.68,14865.35,24343.56,24.83692903,25.67794839,10.3615,111.7108696,-1.152814645,99.9,3.32,5.15,30.6962,0.56,32056367,22653130,7880384,976556,311718,4953,34491,110.6033333,11557.53,10030.78,17727.33
2554,พฤศจิกายน,11,7460925839,4700731542,4205091711,2646787515,0,0,44408750211,26172657.53,11.64447526,4.03759023,3.106470276,4.649545001,4804299266,7946759895,2565348972,4123183124,670.094,1.171,1754.651,1126.0759,4159.2979,165312.67,2109820.33,2269565,54699.96,40170.93,16826.79,23146.32,23.91068667,25.04013,10.2609,109.0585714,-2.652298137,99.28,2.72,5.1,30.7058,0.39,32277695,22786601,7945232,989622,318385,4783,36354,110.3633333,11324.07,9817.46,17176.98
2554,ธันวาคม,12,8382572307,4923165251,4752469563,2908007432,0,0,31539318,27085355,11.49572958,4.060476408,4.00897166,5.624260535,4700731542,7460925839,2646787515,4205091711,730.282,1.031,1837.053,1176.4574,4370.7984,166329,2125441,2289016,54742.48,39820.99,16313.86,23234.63,23.79697097,24.81934194,10.2644,109.494,0.4354285714,98.79,3.62,5.1,30.6359,0.48,32476977,22910601,8001288,1001422,323892,4712,37606,110.67,11442.65,9880.9,17392.76
2555,มกราคม,1,9286837795,5514083421,5090504981,3103375737,0,0,21412152,13155468,11.78598699,4.139028653,3.170717043,4.891740531,4923165251,8382572307,2908007432,4752469563,685.724,1.089,1846.464,1189.6,4394.115,166840,2123561.33,2288495,54785.67,38747.97,13331.43,24746.85,24.01013226,24.8613,10.2416,112.96,3.466,98.69,3.39,5.08,30.0664,0.83,32719090,23060445,8069873,1014089,330911,4600,39996,111.14,11317.3,9692.43,18175.85
2555,กุมภาพันธ์,2,8467786154,5244823632,4685256297,2858957716,0,0,44821073,33351884,11.93352587,3.982954272,3.573859319,5.281516282,5514083421,9286837795,3103375737,5090504981,621.637,0.879,1688.803,1100.0148,4062.2488,167351,2121681.67,2287974,54829.73,39338.99,13778.39,25030.67,25.83266071,25.81239286,12.12242857,116.0505263,3.090526316,96.27,3.23,5.08,29.8232,0.62,32928635,23189702,8129496,1026530,336178,4514,41962,112.8166667,11627.64,10101.53,17793.57
2555,มีนาคม,3,8696381223,5151177514,5139891667,3144426346,0,0,56952823,42811076,11.74937654,4.106960197,2.647305796,4.398000935,5244823632,8467786154,2858957716,4685256297,703.066,0.979,1908.229,1200.7111,4508.8381,167862,2119802,2287453,54874.22,39352.8,13620.97,25128.54,23.97219355,24.03548387,9.9705,108.474,-7.576526316,96.67,2.68,5.09,29.5169,0.69,33167625,23331104,8201542,1043099,342490,4426,43826,112.6,12287.07,10717.11,19134.96
2555,เมษายน,4,8417551389,4897195329,5045522188,3086482017,0,0,12424696,10909743,11.5816537,4.152565698,31.63794549,33.21506529,5151177514,8696381223,3144426346,5139891667,687.409,0.844,1782.743,1176.2352,4336.7872,165890.33,2122000.67,2282778.67,54919.26,38787.11,12749.54,25274.88,21.79481,22.45935333,9.8684,102.2481818,-6.225818182,95.26,2.42,5.11,29.0697,0.89,33363765,23450363,8259905,1053519,348281,4346,45099,110.9833333,11596.2,9899.89,18590.02
2555,พฤษภาคม,5,8817294252,5127905364,5249681421,3099440560,0,0,134005526,115763965,11.86205437,4.156789745,3.135019997,4.854970551,4897195329,8417551389,3086482017,5045522188,705.973,0.852,1906.801,1141.6019,4355.8689,163918.67,2124199.33,2278104.33,54964.9,39493.95,14882.79,23963.77,22.25416452,22.70102903,9.7193,102.5586364,0.3104545455,93.88,2.26,5.1,29.7806,0.77,33582039,23582037,8325490,1065077,355066,4246,46541,110.7966667,12022.94,10619.19,17715.26
2555,มิถุนายน,6,8219111259,4996840547,4551623652,2821600419,0,0,69568572,63326867,11.71113933,4.237243386,269.8444052,270.0101129,5127905364,8817294252,3099440560,5249681421,672.989,0.827,1672.302,1106.4926,4018.2906,161947,2126398,2273430,55011.36,40191.93,16593.83,23301.29,23.67788667,24.05188333,9.9554,102.9195,0.3608636364,96.94,2.25,5.07,30.828,0.55,33781957,23707032,8381865,1075283,361387,4114,47772,111.79,12316.51,10895.81,18150.74
2555,กรกฏาคม,7,8909171287,5327153691,4970844237,3095094768,0,0,46866591,27718135,11.99939987,4.220424403,3.269547302,4.947370434,4996840547,8219111259,2821600419,4551623652,697.637,0.959,1708.297,1161.7278,4193.5168,162467.33,2131477,2278954.33,55051.51,39752.3,16245.3,23121.16,24.76877419,25.01443226,10.3047,107.9331818,5.013681818,100.67,2.01,5.09,31.1248,0.89,33960792,23811583,8434718,1086535,368772,3916,49039,113.06,12455.77,11107.2,18177.26
2555,สิงหาคม,8,9150715349,5338167423,5027549937,3026776955,0,0,123152037,77995913,11.82822497,4.239976436,2.926877143,4.664827342,5327153691,8909171287,3095094768,4970844237,714.359,1.005,1628.469,1161.8537,4154.3397,162987.67,2136556,2284478.67,55090.68,39312.88,16217.84,22728.78,24.0810129,25.41211613,10.4027,111.2804545,3.347272727,101.58,1.59,5.08,31.6019,0.81,34127381,23910612,8482752,1097252,374937,3750,50117,112.4933333,12486.38,10877.04,18336.15
2555,กันยายน,9,8198965123,5035696501,4508013152,2768065246,0,0,59256040,38789662,12.29026802,4.170641434,182.5309762,183.2068962,5338167423,9150715349,3026776955,5027549937,638.547,0.758,1530.752,1115.9222,3894.3042,163508,2141635,2290003,55130.31,39323.78,15675.54,23319.57,24.41204667,25.64373,10.5614,111.5965,0.3160454545,102.98,1.42,5.1,31.7102,0.67,34272176,23993768,8526574,1107128,380525,3637,51333,112.3633333,12083.68,10703.96,17525.53
2555,ตุลาคม,10,8678335539,4944732399,4785005530,2799860807,0,0,20932189,20121705,11.90691832,4.242694924,484.6763829,484.277577,5035696501,8198965123,2768065246,4508013152,683.332,0.911,1664.095,1181.5111,4154.5381,164304.67,2135077.67,2289614,55170.64,39033.43,14843.43,23824.33,23.39601613,25.26591613,10.5978,109.0765217,-2.519978261,102.31,1.46,5.09,31.215,0.62,34419174,24078798,8571655,1116774,384936,3517,52403,111.7333333,12010.85,10408.61,18225.37
2555,พฤศจิกายน,11,8710467703,5121083223,4793422297,2892086800,0,0,38188642,30405209,12.00227689,4.199921955,362.2489148,362.2502519,4944732399,8678335539,2799860807,4785005530,681.896,0.968,1742.081,1190.65,4276.102,165101.33,2128520.33,2289225,55211.33,39632.91,16475.73,22776.37,23.71174333,25.49559667,10.433,107.792,-1.284521739,101.46,1.92,5.05,31.6309,0.72,34536935,24142751,8611128,1125030,388485,3372,53225,111.9366667,12445.44,11066.09,17788.1
2555,ธันวาคม,12,9111554470,5484661528,5062641866,3111309562,0,0,47378330,27195444,11.58264213,4.193904883,222.3522176,222.9344102,5121083223,8710467703,2892086800,4793422297,702.31,0.92,1828.347,1208.3963,4436.5543,165898,2121963,2288836,55252.53,39807.64,16586.01,22899.25,25.06059677,26.9635871,10.5715,110.7566667,2.964666667,103.07,1.67,5.02,32.344,0.62,34624406,24189984,8639255,1132809,390843,3310,53751,112.7833333,12332.51,10836.98,18269.22
2556,มกราคม,1,10017683014,5856110054,5682575822,3416657187,0,0,42444499,26325299,10.54202314,4.09111157,2.809456516,4.397912478,5484661528,9111554470,3111309562,5062641866,675.932,0.959,1837.447,1237,4509.469,167674.33,2117215.67,2286091.33,54652.22,38433.61,11714.04,26080.5,25.45644194,26.78872903,10.808,108.1177273,-2.638939394,105.92,1.93,5.02,32.9394,0.94,34718448,24228395,8683788,1140106,392829,3228,54411,113.6366667,12911.24,11398.9,19117.59
2556,กุมภาพันธ์,2,8058655200,4882323449,4670733364,2918952999,0,0,48709260,40229600,8.378099631,4.068706642,113.1502877,114.0742278,5856110054,10017683014,3416657187,5682575822,626.455,0.932,1699.091,1024.6463,3997.6703,169450.67,2112468.33,2283346.67,54686.89,38312.69,11842.8,25893.79,25.46132143,26.78988214,11.007,108.9005263,0.7827990431,107.47,1.96,5.02,32.6518,0.86,34860724,24307862,8733380,1148423,395721,3184,55276,113.6966667,12809.44,11335.46,19028.76
2556,มีนาคม,3,8598862087,5210884222,5130454429,3165007591,0,0,69199354,58140762,8.118086744,4.043282616,2.626940039,4.100185271,4882323449,8058655200,2918952999,4670733364,705.493,0.981,1875.77,1160.6741,4444.9611,171227,2107721,2280602,54722.48,38616.64,12114.38,25787.25,25.27201613,25.99866129,10.911,107.4809524,-1.419573935,106.24,2.11,4.95,32.3941,0.88,34997233,24378544,8784179,1158403,398742,3151,56340,113.9066667,12633.14,11020.76,19743.55
2556,เมษายน,4,9284584109,5500763028,5379610463,3328291575,0,0,17518317,12912096,8.0121316,4.026991883,99.49236021,100.4467609,5210884222,8598862087,3165007591,5130454429,698.184,0.795,1815.079,1164.3519,4323.3459,169756,2118482.33,2284890.67,54757.47,38023.66,11038.74,26291.02,25.59376333,25.99129667,10.8254,107.7552381,0.2742857143,105.73,2.45,4.97,32.3176,0.9,35111217,24435761,8827886,1167484,400928,3115,57128,114.0266667,13219.29,11537.75,20194.06
2556,พฤษภาคม,5,9499835880,5500586803,5543698743,3247429322,0,0,209336463,114387030,8.18126136,4.095783352,291.0835088,291.1630045,5500763028,9284584109,3328291575,5379610463,710.269,0.889,1893.007,1216.5167,4419.3477,168285,2129243.67,2289179.33,54794.02,38371.88,12306.65,25455.97,25.69516774,26.09958387,10.8,109.5390909,1.783852814,105.39,2.62,4.95,32.5269,0.94,35238776,24502912,8874097,1177508,402965,3073,57999,114.1966667,13264.39,11652.83,19804.89
2556,มิถุนายน,6,8243768677,5028207261,4529624882,2824727502,0,0,63073672,52852985,8.159399702,4.100234154,246.5520291,246.7358196,5500586803,9499835880,3247429322,5543698743,673.761,0.983,1705.302,1093.4444,4035.8484,166814,2140005,2293468,54831.24,38928.63,13593.48,24784.44,26.21321667,25.88744667,10.8694,111.7952381,2.256147186,106.69,2.35,4.95,32.5111,1.15,35352660,24559028,8918440,1187464,404661,2989,58867,114.01,13267.76,11650.16,19770.32
2556,กรกฏาคม,7,9244917232,5562439202,5195518111,3258038244,0,0,108346053,47785632,8.188825825,4.06744945,234.3892105,234.735834,5028207261,8243768677,2824727502,4529624882,723.5,0.84,1705.745,1145.1685,4156.4595,165244.33,2150309.67,2300804.67,54867.57,38900.04,13211.37,25275.73,25.71473548,25.22241935,10.8653,106.7681818,-5.027056277,106.75,2.17,4.98,32.0998,0.97,35466555,24620466,8956749,1197768,406484,2925,59691,113.7733333,13472.35,11857.8,20028.63
2556,สิงหาคม,8,8830166480,5191076818,4856330279,2961274151,0,0,58160877,45029089,7.978741533,4.047927451,121.689482,122.6569003,5562439202,9244917232,3258038244,5195518111,736.248,0.89,1650.662,1154.587,4134.492,163674.67,2160614.33,2308141.33,54898.58,38724.69,13643.86,24727,23.44241613,24.6659,10.7283,101.6080952,-5.16008658,104.9,2.09,4.98,32.0055,0.74,35560860,24670520,8989068,1206541,407942,2778,60440,113.0066667,13410.76,12001.61,19266.83
2556,กันยายน,9,8656580253,5249214167,4709282771,2888222469,0,0,27590044,23650869,8.020218456,3.949058192,2.758270774,4.302716945,5191076818,8830166480,2961274151,4856330279,707.785,0.75,1610.67,1174.1222,4061.0232,162105,2170919,2315478,54929.02,38850.45,13501.91,24949.64,23.36241,23.77669333,10.6973,97.09142857,-4.516666667,104.48,1.75,5.11,32.1803,0.8,35650355,24714589,9022143,1215701,409569,2684,61280,111.5266667,13312.36,11925.64,19229.15
2556,ตุลาคม,10,7813382322,5392507764,4009761935,2878198635,2.341306626,26.42034889,2878198635,45520885,1.320859723,3.724801099,2.744709254,3.27076498,5249214167,8656580253,2888222469,4709282771,728.925,0.919,1669.474,1196.8815,4217.5385,161248,2177583.33,2324130.33,54960.44,38306.52,12276.98,25639.91,24.93162796,25.15521768,10.79766129,87.42521739,-9.66621118,105.36,1.48,5.11,32.4485,0.75,35737232,24758016,9054787,1223470,410957,2602,61950,110.4533333,13550.26,12068.18,19565.73
2556,พฤศจิกายน,11,8259612580,5457974736,4587885520,3091907347,1.210741549,27.19262445,3091907347,1910043,0.9677199074,3.715512416,80.01315884,80.6485706,5392507764,7813382322,2878198635,4009761935,718.606,0.929,1715.979,1146.2889,4225.0539,160391,2184247.67,2332782.67,54992.85,38471.84,13149.9,25009.93,19.87859667,20.92474667,10.8447,79.43789474,-7.987322654,105.12,1.26,5.11,32.7814,0.55,35797893,24782917,9082074,1229184,412138,2545,62421,108.7833333,14063.2,12387.05,20767.95
2556,ธันวาคม,12,8370557502,5397994403,4722260752,3153272508,1.574076374,27.90868114,3153272508,27447648,0.7802633341,3.90444432,2.773310418,3.472034448,5457974736,8259612580,3091907347,4587885520,800.954,0.907,1905.665,1203.2778,4598.3648,159534,2190912,2341435,55025.1,38963.3,13466.8,25198.09,16.08715161,17.93309677,10.9566,62.335,-17.10289474,106.47,0.6,5.09,32.9016,0.56,35835180,24792556,9103527,1233954,412746,2490,62727,104.66,13185.96,11668.33,19648.54
2557,มกราคม,1,9522345774,7057361156,5467975989,4152645574,4.262622952,92.05240626,4152645574,64804013,0.7975748093,3.905397027,79.72859534,80.51818728,5397994403,8370557502,3153272508,4722260752,776.714,0.854,1866.756,1137.6667,4491.2567,158129.33,2197110,2345006,55057.31,38010.41,11229.45,26130.38,13.10474516,15.16486129,10.9962,47.7595,-14.5755,106.73,-0.41,5.07,32.7344,1.06,35947344,24855946,9147312,1236448,413677,2438,63368,100.73,13567.39,12131.98,19664.8
2557,กุมภาพันธ์,2,8419255174,6802670517,4736397759,3779613524,5.560957387,29.65107308,3779613524,101717063,0.7238127499,3.780405375,2.619243664,3.213743869,7057361156,9522345774,4152645574,5467975989,723.462,0.956,1751.893,979.3352,4122.1282,156724.67,2203308,2348577,55090.32,38522.55,11363.63,26573.42,15.28261429,16.13353214,16.20488571,58.0955,10.336,105.72,-0.53,5.04,32.5734,0.82,36049524,24915717,9185292,1238721,414566,2372,63970,101.5933333,13128.16,11517.69,20012.3
2557,มีนาคม,3,8778521677,6899520213,5211834653,4140886208,5.501643132,29.19243584,4140886208,68212598,0.7246854271,3.780021106,2.675471425,3.230633996,6802670517,8419255174,3779613524,4736397759,787.692,1.111,1923.057,1034.5185,4445.5685,155320,2209506,2352148,55123.88,38370.29,11630.52,25992.25,16.29164516,16.13716129,16.53406452,55.88545455,-2.210045455,105.35,-0.57,4.99,32.6314,0.99,36159812,24983990,9223381,1240783,415164,2300,64485,102.6066667,13117.87,11501.66,20154.89
2557,เมษายน,4,8776134301,5422922544,5000873612,3236069257,3.429942074,32.57409339,3236069257,96902501,0.7271221597,3.832923473,2.90137147,3.630125519,6899520213,8778521677,4140886208,5211834653,796.108,0.793,1861.607,1010.063,4387.203,153848.33,2214938.33,2354943,55158.22,38283.85,10613.37,26916.65,16.28989,16.18244667,16.25203333,59.52428571,3.638831169,105.81,-1.04,4.98,32.5095,0.85,36213921,24998627,9259138,1242493,415812,2251,64980,100.8266667,13296.71,11720.86,20364.33
2557,พฤษภาคม,5,8483459876,5296194195,5046062882,3233999616,2.584227273,32.76174345,3233999616,109238514,0.68734878,3.946014968,2.828517314,3.659339278,5422922544,8776134301,3236069257,5000873612,797.377,0.892,1921.449,1109.0741,4472.6841,152376.67,2220370.67,2357738,55192.55,38275.72,11429.68,26143.7,18.58390323,17.96542903,16.14149677,64.075,4.550714286,104.4,-1.27,4.88,33.5519,0.93,36299933,25045781,9294187,1243963,416419,2205,65597,102.23,13330.52,11746.67,19737.82
2557,มิถุนายน,6,8329579794,4889162040,4787007399,2935926168,1.8839694,27.66266602,2935926168,101626115,0.7651623443,3.902735471,3.440440497,4.24106116,5296194195,8483459876,3233999616,5046062882,781.656,0.933,1791.68,1073.1648,4259.3488,150905,2225803,2360533,55227.13,38707.62,12809.95,25422.74,18.86765333,17.60246,15.88311667,61.47772727,-2.597272727,108.2,-1.07,4.86,33.7274,0.83,36391438,25100655,9327615,1245514,416797,2141,66202,102.57,13394.92,11858.82,19769.29
2557,กรกฏาคม,7,9532899886,5478865952,5091271869,3166305229,1.210400928,27.38917808,3166305229,89656106,0.7232261247,3.873265588,2.645176472,4.253930408,4889162040,8329579794,2935926168,4787007399,824.815,0.936,1798.316,1058.113,4319.205,151531.33,2236235.33,2372196.67,55262.3,38621.15,12131.73,25971.1,17.53848387,15.95431935,15.69971935,56.56130435,-4.916422925,108.73,-1.06,4.87,34.2996,1,36444445,25118146,9359505,1246831,417120,2100,66876,100.7033333,13908.1,12385.78,20135.9
2557,สิงหาคม,8,8721993521,5384999738,4592522715,2983829116,1.131786144,29.79501036,2983829116,100795337,0.6317058096,3.943121137,3.090863901,3.945130647,5478865952,9532899886,3166305229,5091271869,823.937,0.904,1762.144,1033.137,4273.862,152376.67,2220370.67,2357738,55290.63,38940.6,13515.51,24976.77,16.10761613,14.70902903,14.97712258,46.515,-10.04630435,110.81,-1.19,4.86,35.4176,0.97,36495392,25136831,9389203,1247635,417076,2025,67663,98.87333333,13429.36,11879.34,19780.57
2557,กันยายน,9,9638167378,1123887130,4813056053,3008572717,1.341615341,30.25940024,3008572717,53886527,0.6867465505,3.54766703,4.222815726,5.269667735,5384999738,8721993521,2983829116,4592522715,786.214,0.892,1653.265,968.6407,4019.6187,152784,2257100,2395524,55320.02,38652.56,13134.25,25186.78,15.96284,15.20060333,14.41131,47.62318182,1.108181818,114.33,-1.07,4.85,36.0195,0.78,36561628,25172858,9417808,1248217,416938,1968,68358,98.34333333,13451.26,12034.42,19301.76
2557,ตุลาคม,10,10001986041,5943811851,4911767552,2885188322,1.230242999,28.04837119,2885188322,32430043,0.7883917961,3.338948629,2.476181038,3.183616829,1123887130,9638167378,3008572717,4813056053,827.188,0.922,1749.859,1007.4426,4263.8786,153903,2264671,2401651.67,55349.83,38468.2,12089.1,25997.27,16.00077742,15.53276129,15.52465484,48.43,0.8068181818,114.79,-0.77,4.83,35.7177,0.85,36622011,25202650,9446307,1248798,416911,1913,69013,98.47333333,14166.6,12726.02,20070.94
2557,พฤศจิกายน,11,8536648916,5224590767,4377938381,2827120129,1.007373126,24.87806433,2827120129,59935545,0.7034076433,3.296111465,2.432840859,199.1631549,5943811851,10001986041,2885188322,4911767552,811.552,0.768,1834.607,958.4389,4309.7239,155022,2272242,2407779.33,55380.34,38556.89,12853.81,25261.62,14.51102,14.82206333,15.70833,44.26761905,-4.162380952,112.6,-0.97,4.82,35.7774,0.9,36679174,25227825,9477090,1248754,416597,1846,69699,97.6,13501.29,11865.78,20248.67
2557,ธันวาคม,12,11769965055,7714246281,5354835505,3468811031,0.7220849889,24.97883824,3468811031,36626511,0.6930778388,3.431936813,2.499275238,3.206159758,5224590767,8536648916,2827120129,4377938381,895.39,0.643,2027.496,1029.1741,4714.2391,156141,2279813,2413907,55410.11,39164.85,13630.15,25242.62,13.79412581,12.78731613,16.43697097,38.00545455,-6.262164502,114.17,-0.86,4.79,36.0128,0.65,36731017,25248828,9507337,1248675,416204,1820,70285,95.44666667,13627.88,12038.77,19938.9
2558,มกราคม,1,18309616335,11563271020,5159859108,3258744547,0.5000975842,24.33215288,3258674090,90022520,0.7210986056,3.907038845,3.243716543,4.101402049,7714246281,11769965055,3468811031,5354835505,852.149,0.84,1935.134,979.5981,4563.5431,153821,2286705,2419424.33,55440.13,38125.89,10820.26,26754.72,12.76257419,10.78808065,15.20501935,30.6995,-7.305954545,115.02,-0.53,4.8,36.1612,0.91,36851774,25323775,9545971,1247207,416027,1774,71381,94.05,13652.66,11921.69,20768.91
2558,กุมภาพันธ์,2,18062447614,10787900520,5135137770,3207012127,0.6049025261,22.9835551,3170600542,44375793,0.7027083333,3.971597222,2.710691448,3.483625364,11563271020,18309616335,3258744547,5159859108,835.135,0.834,1911.888,921.913,4390.921,151501,2293597,2424941.67,55471.91,38416.89,11188.49,26682.1,11.17992414,11.11053448,13.85725172,32.1815,1.482,116.08,-0.5,4.81,35.6037,0.87,36912483,25342709,9594916,1245431,415461,1738,72493,93.41666667,13435.83,11747.35,20802.91
2558,มีนาคม,3,20241474894,12887665717,5477461635,3564666218,0.6671508099,24.10845046,3513341866,104266805,0.722895224,4.044421511,2.808751273,3.661112067,10787900520,18062447614,3207012127,5135137770,880.049,1.457,2022.043,935.9852,4640.2222,149181,2300489,2430459,55502.82,38352.31,11252.64,26357.95,12.7945871,12.3189871,13.69344839,38.21045455,6.028954545,114.64,-0.46,4.78,35.2376,1.04,36913369,25318559,9622552,1241911,414527,1696,73488,95.33,13398.93,11844.97,20433.72
2558,เมษายน,4,22953065812,14228980464,5499167089,3475378891,0.5604608782,23.30589868,3429122972,110275565,0.7211273157,4.220728222,2.890957031,3.802216082,12887665717,20241474894,3564666218,5477461635,891.303,1.198,1907.361,928.4407,4460.0667,147895.33,2308285.67,2436938.67,55534.89,38023.66,9862.99,27367.17,13.08877667,12.63297333,13.97085667,41.58333333,3.372878788,113.01,0.06,4.64,35.0916,1.04,36946669,25325850,9651042,1238898,413648,1667,74176,96.03666667,13499.85,11777.67,20804.57
2558,พฤษภาคม,5,21329240417,12837079945,5089687663,3180689468,0.6903426829,23.75695917,3146459153,72419014,0.8857666463,4.153349623,3.302577967,4.149554406,14228980464,22953065812,3475378891,5499167089,884.398,0.842,2013.03,915.7611,4526.0001,146609.67,2316082.33,2443418.33,55566.33,37769.93,10274.62,26539.74,14.2388871,14.51545161,13.91661935,46.74238095,5.159047619,112.9,0.46,4.67,35.4475,1.2,37015647,25363367,9685471,1235136,412719,1651,74996,98.17666667,13857.61,11960.38,21523.56
2558,มิถุนายน,6,22546494483,13862679618,5403199676,3489915616,0.6455871595,23.07720637,3449014555,32925175,0.7985965077,4.134084679,3.075831215,3.859694643,12837079945,21329240417,3180689468,5089687663,857.339,0.72,1860.555,896.0148,4272.5638,145324,2323879,2449898,55599.99,38701.1,12562.47,25604.77,14.29747,15.33254333,13.9146,48.24727273,1.504891775,115.18,0.39,4.66,35.3053,1.01,37097361,25411167,9724872,1230494,411612,1599,75844,98.62,13620.35,12068.87,20238.62
2558,กรกฏาคม,7,20045074505,12013378654,4824955457,3050517099,0.6748697581,24.18650198,3010312896,31971046,0.9286251567,4.150917259,3.48286079,4.293896093,13862679618,22546494483,3489915616,5403199676,902.69,0.738,1775.251,929.7185,4338.9815,146940.67,2328254.67,2457090.33,55633.15,38839.56,12432.98,25962.71,12.73093871,14.63719032,13.40348065,44.95190476,-3.295367965,114.03,0.11,4.64,35.0756,1.01,37123912,25413924,9752472,1225648,410415,1553,76447,97.44333333,14182,12478,21251
2558,สิงหาคม,8,21337871332,12786028343,5095593675,3213357832,0.6706623186,22.7420254,3187496819,24368417,0.8021809946,4.219556669,3.329433219,4.286265447,12013378654,20045074505,3050517099,4824955457,944.103,0.782,1815.485,967.7519,4446.9519,148557.33,2332630.33,2464282.67,55660.3,38860.14,12916.63,25540.31,12.78800323,13.60276452,12.93872258,45.84304348,0.8911387164,113.91,0.29,4.61,34.7255,0.93,37180380,25442822,9785143,1219751,409472,1526,77167,96.60333333,13589.03,11816.22,20999.21
2558,กันยายน,9,20436445802,12392913763,4897943267,3004009823,0.5793867143,23.68965322,3003947813,28484000,0.8466322354,4.130704755,3.544047711,4.38361158,12786028343,21337871332,3213357832,5095593675,866.709,0.84,1746.774,955.6741,4236.1401,150174,2337006,2471475,55686.53,38278.33,12523.25,25340.36,13.73610667,13.39979,13.10768333,46.56772727,0.7246837945,112.78,0.38,4.6,34.732,0.87,37237094,25477003,9813397,1213827,408292,1502,77881,97.55333333,13645.32,12186.41,19808.8
2558,ตุลาคม,10,20792788889,12621810344,4964667648,3211342726,0.5706487781,22.51056705,1059802224,32289595,0.7830667187,4.177443426,3.177410281,4.07937357,12392913763,20436445802,3004009823,4897943267,866.868,0.816,1730.102,957.8019,4254.7089,153855.33,2344603.67,2480351.67,55714.84,37720.34,11214.34,25922.12,14.87485161,14.77957419,13.02442581,49.52238095,2.95465368,112.87,0.34,4.58,35.05,1.19,37268655,25490719,9836507,1208448,407146,1470,78575,98.92666667,14194.69,12486.64,21409.11
2558,พฤศจิกายน,11,21363764318,12862806138,5109778744,3183741421,1.341223867,20.57045946,961423434.4,59375640,0.7398451588,4.097044296,13.41870571,14.80385108,12621810344,20792788889,3211342726,4964667648,879.905,0.959,1900.92,972.2389,4480.9939,157536.67,2352201.33,2489228.33,55742.02,38110.99,12410.17,25248.92,14.20074667,14.13963,13.49783333,44.73409091,-4.788290043,113.14,0.6,4.57,35.3196,0.99,37311590,25511560,9863587,1203116,406006,1459,79232,98.55666667,13881.58,12286.53,20525.14
2558,ธันวาคม,12,22733122775,13884087866,5457731322,3511351980,0.6398204518,20.31944621,1108025889,85409281,0.7204770655,4.194342027,2.762018454,3.686992507,12862806138,21363764318,3183741421,5109778744,947.666,0.968,2049.718,998.1963,4781.6713,161218,2359799,2498105,55770.13,37791.78,12566.71,24792.97,15.90620645,15.80802258,13.61043548,53.3085,8.574409091,114.06,1.13,4.53,35.807,0.8,37338139,25520553,9887129,1197528,404495,1488,79711,100.6,13716.48,12336.85,19720.97
2559,มกราคม,1,24316978961,14636567117,5430925985,3440872699,0.6483105345,20.66872428,1079723538,79836177,0.6174741967,4.362590068,3.188524935,4.254411478,13884087866,22733122775,3511351980,5457731322,888.604,0.64,1918.499,963.937,4582.478,159545.67,2367051,2505105.67,55798.82,37935.84,10634.52,26577.5,16.59472258,16.31807742,16.94028387,54.57666667,1.268166667,115.79,1.55,4.55,35.4316,1.18,37410537,25565924,9921701,1189932,403141,1540,80520,101.9,13494.69,11568.84,21290.52
2559,กุมภาพันธ์,2,25194838952,14724928913,5486689714,3330047604,0.764829682,19.93319004,870096388.2,132207729,0.7459089031,4.341564759,3.094631437,4.136830508,14636567117,24316978961,3440872699,5430925985,822.038,0.583,1905.825,820.0815,4294.1585,157873.33,2374303,2512106.33,55828.55,38380.81,10694.63,26989.34,16.50629286,16.509825,20.82400357,54.8695,0.2928333333,114.42,1.44,4.52,35.0182,1.12,37484986,25609253,9959710,1182623,401851,1522,81564,102.5,13425.74,11763.69,20703.72
2559,มีนาคม,3,25490038385,14619594554,5627916155,3470566934,0.9400617953,18.94599935,902272133.1,262638044,0.6960951262,4.345971814,4.284736821,5.349555138,14724928913,25194838952,3330047604,5486689714,937.277,0.636,2139.11,957.95,4829.123,156201,2381555,2519107,55857.89,38320.46,11340.58,26119.94,15.24716129,15.6917871,20.7893129,51.58913043,-3.280369565,113.69,0.76,4.49,34.8955,1.29,37558494,25649901,10001432,1173806,400231,1524,82554,100.8966667,13285.77,11816.19,19763.16
2559,เมษายน,4,27511211113,17057216214,5706378947,3732191937,0.7516017899,20.80953994,1150748715,196578447,0.6754162586,4.680440744,2.954460797,4.206510597,14619594554,25490038385,3470566934,5627916155,898.064,0.578,1922.231,958.8519,4481.8929,158792.67,2389487.33,2529944.67,55887.18,37888.56,10553.91,26538.03,15.70992333,15.6299,17.95619667,52.30789474,0.7187643021,113.61,0.38,4.48,34.4512,1.25,37615177,25684147,10030328,1167336,399273,1511,83172,101.1833333,13449.28,11605.82,20975.27
2559,พฤษภาคม,5,27457940529,16912413771,5535140874,3548987028,0.8121883702,20.26967058,1069413277,270061609,0.8317654172,4.710575595,4.836060251,5.881010516,17057216214,27511211113,3732191937,5706378947,922.761,0.603,2025.792,1027.4148,4668.9708,161384.33,2397419.67,2540782.33,55917.44,37978.5,10922.59,26179.67,15.00876452,15.22382258,15.18446774,50.32652174,-1.981372998,112.66,-0.04,4.39,34.4535,1.32,37723254,25757777,10071793,1159524,398049,1499,84085,100.3833333,13519.74,11825.23,20589.13
2559,มิถุนายน,6,26772881772,15999095115,5374617339,3333996079,0.9172645202,20.53331627,913256493.7,194968255,0.8466017588,6.58485134,3.195786539,4.203634642,16912413771,27457940529,3548987028,5535140874,935.392,0.678,1954.081,939.5333,4517.8293,163976,2405352,2551620,55948.23,38820.95,13124.41,25195.03,13.89881333,14.22686,15.0614,46.36818182,-3.958339921,113.49,-0.05,4.37,33.9992,1.07,37810057,25813399,10111624,1151494,396100,1489,84919,98.85666667,13951.62,12414.67,20662.71
2559,กรกฏาคม,7,25363051737,15062537433,5011683167,3140711319,0.7414024206,21.7225739,825276937.5,140069200,0.8212815706,4.834927979,3.20636644,4.380211799,15999095115,26772881772,3333996079,5374617339,934.7,0.717,1846.871,952.113,4457.979,163037.33,2416244.33,2561451.67,55979.25,38502.27,12504.08,25473.25,14.06554194,14.68949355,13.85292581,48.47857143,2.11038961,112.39,0.17,4.39,33.7497,1.24,37882951,25862981,10142222,1144546,394396,1472,85544,98.83666667,13906.05,12012.67,21542.81
2559,สิงหาคม,8,28526800856,17040345192,5515308879,3500466244,0.8606353463,19.38735853,927597697.9,103911123,0.6974371954,4.9866976,13.09020815,14.18715092,15062537433,25363051737,3140711319,5011683167,949.027,0.603,1884.848,1013.5259,4581.6379,162098.67,2427136.67,2571283.33,56003.16,38077,12285.11,25314.61,15.04368387,14.97511935,16.0880871,51.70434783,3.225776398,111.79,0.32,4.41,33.2624,1.12,37968113.4,25915955.8,10179341.4,1137227.6,392721,1456.4,88896.8,100.08,13782.65,12104.5,20874.07
2559,กันยายน,9,27388581327,16913752181,5230142728,3398109542,0.705044567,20.89499878,1117503249,132515943,0.7441114488,4.924196555,3.688983393,4.793958597,17040345192,28526800856,3500466244,5515308879,909.541,0.717,1835.696,994.9815,4429.3555,161160,2438029,2581115,56028.57,37786.44,12440.27,24806.5,15.64873667,15.7489,17.45718667,56.15285714,4.448509317,111.35,0.86,4.38,33.1503,1.17,38053275.8,25968930.6,10216460.8,1129909.2,391046,1440.8,92249.6,101.1233333,13864.21,12375.47,20225.95
2559,ตุลาคม,10,26326503186,15451791788,5045437739,3182599617,0.7315263546,20.13219929,3182412099,101293554,0.7670638924,4.935254708,25.18040765,27.13721589,16913752181,27388581327,3398109542,5230142728,928.345,0.579,1802.811,1026.663,4473.045,160317.33,2448895.67,2587307.33,56054.47,37216.93,11046.83,25604.27,15.63736129,15.94883226,20.33131935,57.50772727,1.35487013,110.95,0.86,4.36,33.251,1.29,38138438.2,26021905.4,10253580.2,1122590.8,389371,1425.2,95602.4,101.2666667,13920.72,12188.7,21007.67
2559,พฤศจิกายน,11,27153841437,15762888577,5186584149,3181010855,0.9140577672,20.61764505,3181297371,37112080,0.7427877591,5.008852912,3.152658115,4.475553372,15451791788,26326503186,3182599617,5045437739,879.194,0.741,1949.515,1019.0593,4606.8193,159474.67,2459762.33,2593499.67,56079.94,38281.47,12048.09,25674.1,16.61267667,16.63563333,20.50778667,62.71409091,5.206363636,111.32,0.99,4.37,32.9273,1.14,38223600.6,26074880.2,10290699.6,1115272.4,387696,1409.6,98955.2,102.4533333,14183.1,12552.7,20949.08
2559,ธันวาคม,12,31009375993,17690399950,5743384090,3338733388,1.394756592,20.57427877,3337088925,213071111,0.8036228034,5.054512669,3.790342093,5.219784837,15762888577,27153841437,3181010855,5186584149,967.579,0.655,2091.431,1063.4648,4937.1548,158632,2470629,2599692,56106.75,37716.49,12265.83,24925.12,16.45188387,16.82182903,20.04062258,64.37368421,1.659593301,110.49,0.78,4.3,32.6658,0.96,38308763,26127855,10327819,1107954,386021,1394,102308,102.4933333,13736.38,12276.17,19884.67
2560,มกราคม,1,31575231630,19247070474,5863932502,3746251690,0.7715274616,18.58829728,3746209991,311405939,0.6905180229,5.084174401,3.271320218,4.551438899,17690399950,31009375993,3338733388,5743384090,930.467,0.614,2034.768,1052.7407,4867.7967,162062.67,2478130,2614770.67,56132.06,37790.9,11379.17,25694.28,16.74511935,17.56001613,19.43297097,69.07727273,4.703588517,110.62,0.68,4.29,31.8885,1.26,38428304,26211641,10369053,1100638,386294,1378,103324,103.2133333,13849.31,12133.51,20922.88
2560,กุมภาพันธ์,2,28960984970,17042426412,5270189539,3279467709,9.657173623,51.27807764,4680162829,164232659.4,0.6751441668,5.02122283,6.315724252,7.160350904,19247070474,31575231630,3746251690,5863932502,883.145,0.731,1952.965,921.2037,4541.3387,165493.33,2485631,2629849.33,56159.5,38421.6,11266.98,26334.4,16.22703214,16.84726786,16.782725,65.3175,-3.759772727,108.07,0.42,4.13,31.4703,1.28,38537787,26281256,10413461,1092975,387458,1367,104581,102.46,13765.31,12020.94,21045.31
2560,มีนาคม,3,34077685029,20301908534,6504608213,4114216116,8.492002301,98.36052023,4891852670,163780872.8,0.5886863967,6.191351679,6.585237857,7.355610715,17042426412,28960984970,3279467709,5270189539,959.378,0.608,2179.299,1049.0259,5037.3719,168924,2493132,2644928,56187.03,38111.32,11845.84,25496.09,16.14056129,16.76602258,15.80928065,66.01666667,0.6991666667,107.01,0.79,4.16,31.2644,1.16,38653095,26359383,10463797,1082943,387792,1367,106081,102.3433333,13678.5,12024.26,21095.71
2560,เมษายน,4,31293914660,19923984965,5684016796,3775896386,1.272357409,2508.029006,3812284740,468826365.6,0.5099902177,5.101792614,7.352738864,8.090703123,20301908534,34077685029,4114216116,6504608213,942.349,0.641,1999.433,987.5444,4675.6594,172150,2497006.33,2652160.33,56214.99,37991.39,10743.4,26538.9,16.88066667,17.48326667,15.90302333,72.106,6.089333333,106.24,1.07,4.14,31.3136,1.06,38737089,26411347,10501723,1074519,387981,1374,107626,103.31,13867.99,12126.17,20950.33
2560,พฤษภาคม,5,31854751647,19318913777,5775811090,3681975825,0.5787158621,2373.381911,3682993706,212023880.4,0.4855864198,5.024246914,6.914462301,8.12491111,19923984965,31293914660,3775896386,5684016796,928.925,0.655,2022.75,1039.3481,4737.9581,175376,2500880.67,2659392.67,56242.08,38547.31,11401.66,26563.91,18.24499032,18.7197871,18.13324516,76.9752381,4.869238095,106.07,1.49,4.12,31.9729,1.04,38850327,26485848,10548050,1064165,387764,1376,109497,105.2666667,13529.33,11947.07,20494.56
2560,มิถุนายน,6,30546690724,18592840880,5535987511,3387040878,1.003925054,3230.10234,3854805985,285511795.5,0.4790482115,5.751326594,6.815476806,7.59009317,19318913777,31854751647,3681975825,5775811090,951.005,0.632,1916.082,1013.4,4593.841,178602,2504755,2666625,56271.51,38853.97,13360.54,25008.23,17.80024,18.72639,19.16832333,74.4047619,-2.57047619,108.82,1.38,4.13,32.4635,1.1,38969601,26569094,10591198,1054447,387514,1364,111729,104.9933333,14051.65,12556.52,20687.65
2560,กรกฏาคม,7,29492090803,17791758808,5396579022,3438763793,1.489714345,267.3204459,3658934317,213170661.2,0.6352926739,5.012104553,7.628711371,8.524506045,18592840880,30546690724,3387040878,5535987511,948.96,0.606,1844.252,1018.3463,4559.8423,174236.33,2509125.33,2665859,56300.08,39053.68,12587.02,26042.24,18.08250323,18.92650968,20.44585806,74.25409091,-0.1506709957,110.65,1.46,4.12,33.2661,0.98,39047987,26618584,10627160,1044786,387172,1387,113733,105.3733333,14079.85,12469.85,20632.53
2560,สิงหาคม,8,31598421366,17848488359,5754819872,3440295814,0.8762317034,527.7564775,3595931637,139609250.8,0.5880586673,5.116458021,6.222328101,7.205437744,17791758808,29492090803,3438763793,5396579022,968.978,0.734,1907.76,1048.9759,4695.9889,169870.67,2513495.67,2665093,56322.59,38727.99,12392.02,25894.87,18.29355484,18.93609677,20.96122258,72.52826087,-1.72583004,113.07,1.62,4.13,33.0306,1.04,39158429,26693971,10669945,1034045,386986,1447,115832,105.8933333,14000.12,12518.81,20412.17
2560,กันยายน,9,27119263983,15642993874,4933865557,2983228866,10.69713726,263.7261421,3073090142,129972622.5,0.4586125212,9.107367825,8.656594922,9.619249254,17848488359,31598421366,3440295814,5754819872,900.646,0.719,1756.012,999.2759,4378.8359,165505,2517866,2664327,56344.72,38391.08,12902.4,25048.88,19.00048,19.72281333,21.69615667,78.891,6.36273913,111.54,1.33,4.13,32.6228,0.97,39258877,26764872,10708054,1023634,386366,1420,117769,107.0233333,14204.56,12765.9,20482.25
2560,ตุลาคม,10,29901265374,17725038589,5470172364,3345145798,101.3067153,101.6004757,3476529613,135027362.8,0.130266997,5.103650564,6.902698442,7.81256886,15642993874,27119263983,2983228866,4933865557,950.184,0.602,1882.186,1059.837,4645.527,164449.67,2534951.33,2675920.33,56367.89,38077.6,11453.58,26149.6,18.84187742,20.43716452,22.30577419,81.03217391,2.141173913,110.27,1.23,4.13,32.765,1.01,39352847,26830397,10743393,1014926,385623,1435,119349,107.1133333,14159.08,12579.15,20772.44
2560,พฤศจิกายน,11,9163482107,5616451058,1660988315,985217307.7,158.2958078,80.71180328,1020554126,171568626.4,0.2209207267,5.038037572,8.179399988,8.649751443,17725038589,29901265374,3345145798,5470172364,945.832,0.615,1995.308,1017.5926,4743.8086,163394.33,2552036.67,2687513.67,56391.88,38742.77,12374.46,25889.58,15.37995333,18.04792333,18.46305667,64.74818182,-16.28399209,110.49,0.94,4.13,32.9655,0.95,39461672,26905430,10783168,1006350,385221,1444,121268,104.8766667,14221.13,12777.98,20604.03
2560,ธันวาคม,12,29490304711,17667197106,5348373189,3353688460,56.74055889,4.722568928,3477625128,119695396.1,0.01842305739,5.057951752,13.73661714,193.0476294,5616451058,9163482107,985217307.7,1660988315,1024.506,0.519,2127.41,1050.4593,5047.2673,162339,2569122,2699107,56415.2,38353.32,12427.54,25437.93,13.05556129,15.11519355,15.59021935,57.36235294,-7.385828877,111.5,0.36,4.13,32.7054,0.91,39551789,26969470,10816117,998653,384325,1454,122631,101.3633333,13848.66,12326.81,20640.18
2561,มกราคม,1,32190564238,19210398135,5853729673,3692908394,81.30195317,4.654778824,3846166561,117211944.4,0.07009220986,5.013667091,6.190002673,6.593124008,17667197106,29490304711,3353688460,5348373189,966.714,0.77,2120.457,1017.912963,4964.767963,165352,2568811.33,2706317.67,56440.5,38197.37,10747.86,26748.45,12.9045871,15.09787419,14.69423871,59.40954545,2.047192513,110.8,0.27,4.15,31.8109,1.02,39680538,27052870,10870414,987177,383387,1460,125281,100.3866667,14181.38,12531.62,21225.04
2561,กุมภาพันธ์,2,32369421274,19682106421,5842604684,3557542688,22.40990318,59.40473688,3779388231,242719497.8,0.09133250697,5.007419275,10.01864916,10.37354152,19210398135,32190564238,3692908394,5853729673,900.75,0.576,1958.53,984.3703704,4628.79337,168365,2568500.67,2713528.33,56465.17,38322.02,10583.45,27201,13.56533929,15.96244643,14.974075,63.9605,4.550954545,108.06,0.73,4.16,31.2999,0.78,39792510,27125428,10913333,976603,382154,1522,127922,101.2366667,13898.84,12276.97,21188.97
2561,มีนาคม,3,28730715877,16813164929,5218097090,3230400979,68.80049867,36.19636916,3078800235,82424441.65,0.03237282679,5.057796201,7.006481359,7.340907525,19682106421,32369421274,3557542688,5842604684,1000.932,0.548,2188.977,1047.561111,5089.458111,171378,2568190,2720739,56489.92,38498.26,11885.37,25885.7,15.50263871,16.67003548,16.47380645,66.13857143,2.178071429,106.05,1.24,4.15,31.7229,0.9,39908492,27205365,10963139,966061,380931,1581,130348,103.36,13982.17,12475.79,21330.13
2561,เมษายน,4,33465581644,20395992295,6047204501,3858491859,72.717127,6.106343863,3609869588,98983669.55,0.001478852411,5.042633836,8.506520806,8.882954124,16813164929,28730715877,3230400979,5218097090,978.97,0.649,2075.67,1013.661111,4812.081111,172492.67,2570387,2723998.33,56516.06,38032.67,10200.81,27137.35,16.88238,17.16202667,17.78591333,71.23333333,5.094761905,107.8,1.23,4.15,31.8489,0.96,39990482,27254464,11003945,956564,379644,1650,132555,104.5166667,14558.15,13049.97,20885.22
2561,พฤษภาคม,5,31894608631,19712871285,5726416243,3700011808,479.6942758,10.99075504,3335593315,269584918.9,0.00206682742,5.080271443,7.521377545,8.496232916,20395992295,33465581644,3858491859,6047204501,978.039,0.683,2140.581,1026.861111,4855.667111,173607.33,2572584,2727257.67,56541.22,38419.23,10832.23,26806.7,16.22994194,17.23715806,17.72669355,71.31772727,0.08439393939,108.42,1.15,4.15,31.7936,1.11,40101142,27326714,11050541,946000,378518,1707,135194,104.56,14091.99,12682.14,20334.46
2561,มิถุนายน,6,32028071770,19612454417,5777681257,3617111006,340.6359246,9.341270007,3613903299,236917097.1,0.2838445451,5.015158243,8.942933762,78.21258897,19712871285,31894608631,3700011808,5726416243,985.406,0.616,2001.962,959.362963,4647.083963,174722,2574781,2730517,56568.5,38823.79,13180.66,25197.11,14.02046667,15.65526333,14.29613,64.2205,-7.097227273,108.66,0.87,4.13,31.1244,0.94,40190328,27382791,11092435,935707,376840,1768,137871,101.61,14393.49,12900.91,21174.21
2561,กรกฏาคม,7,31681214927,19313767506,5630686670,3567039763,428.858164,2.597807472,3547653561,91950449.25,0.007125307125,5.099966216,7.046001187,7.506596636,19612454417,32028071770,3617111006,5777681257,997.302,0.608,2044.005,1058.338889,4829.875889,173140.67,2577164.67,2731987.67,56595.5,38094.55,11945.02,25670.2,14.97536129,16.09797097,13.14839355,63.91913043,-0.3013695652,106.5,0.98,4.11,30.7936,1.14,40281902,27444096,11131705,925037,375233,1816,140464,102.39,14552.47,13037.48,20703
2561,สิงหาคม,8,32971687606,19715526139,5768246823,3627352800,459.4020811,8.583703712,3774095667,96772667.35,0.2340286832,4.97203618,10.56052735,10.86453081,19313767506,31681214927,3567039763,5630686670,998.173,0.609,1974.628,1057.862963,4800.682963,171559.33,2579548.33,2733458.33,56615.7,38075.18,12328.65,25290.38,14.30747097,15.33553871,12.71911935,59.04181818,-4.877312253,105.93,0.52,4.07,30.7695,1,40385957,27515853,11172305,914289,373589,1933,143356,101.7433333,14096.55,12650.41,20060.29
2561,กันยายน,9,42173908652,29269609149,7367895964,5314754219,420.2966953,59.37395283,5553845273,51472090.58,0.05523020258,5.021153653,11.78498446,12.15193055,19715526139,32971687606,3627352800,5768246823,928.157,0.478,1868.279,1003.046296,4507.409296,169978,2581932,2734929,56636.35,37722.03,13024.43,24187.94,14.98618333,15.64384333,12.706,62.82666667,3.784848485,105.63,0.32,4.05,30.5737,1.02,40467665,27572680,11206502,904136,371208,2088,146099,101.5466667,14242.26,12790.57,20853.58
2561,ตุลาคม,10,13544854404,5803831413,2403801174,1125813704,538.4964526,68.47485088,1364925292,58172720.38,0.2132779199,4.982615516,11.23886788,11.47073358,29269609149,42173908652,5314754219,7367895964,1013.519,0.689,2025.163,1002.790741,4765.143741,163909.33,2606462.67,2739472.33,56657.97,37438.61,11148.85,25848.53,14.87507097,15.48778065,15.05858065,59.71304348,-3.113623188,104.7,0.11,4.03,30.3675,0.95,40574582,27648550,11247558,891558,369409,2411,149367,100.7433333,14351.25,12694.59,21429.2
2561,พฤศจิกายน,11,30545167017,21688085320,5330737459,3912046551,613.466892,573.3119318,4018208336,122748796.3,0.250348675,5.047733961,11.52525426,11.75440768,5803831413,13544854404,1125813704,2403801174,972.25,0.723,2079.483,977.8055556,4796.390556,166943.67,2594197.33,2737200.67,56678.94,38221.81,11907.76,25804.4,15.08427,15.39805667,15.16327333,63.21190476,3.498861284,104.07,0.21,3.96,30.2431,1.12,40645514,27699729,11271915,885252,368176,2643,151347,100.86,14160.22,12642.13,20722.67
2561,ธันวาคม,12,31387034491,21613984055,5485911020,3956181889,662.4230957,691.0341287,4405246912,117032566.5,0.05306271777,7.307651916,8.516951952,8.797591622,21688085320,30545167017,3912046551,5330737459,1030.257,0.601,2137.154,997.7555556,4962.106556,160875,2618728,2741744,56700.77,38207.12,12694.52,24966.51,14.96747742,16.38959355,15.60391613,67.21714286,4.005238095,104.09,0.87,3.9,30.2233,0.96,40712048,27750639,11294017,877676,366847,2854,153184,101.1533333,14122.12,12752.45,20769.01
2562,มกราคม,1,33046302068,21841297483,5756813069,3947213251,882.068822,652.4024558,4048636512,75469534.5,0.2796730633,5.007255508,9.436676462,9.721269086,21613984055,31387034491,3956181889,5485911020,984.43,0.662,2088.185,974.0462963,4867.778296,0,0,0,56723.07,37873.56,10234.11,26949.93,14.47126129,16.85145161,18.37990968,63.64545455,-3.571688312,104.38,1.052010618,3.8,30.4348,1.07,40809418,27817223,11333155,866502,364947,3194,0,101.31,14513.61,12841.93,21387.65
2562,กุมภาพันธ์,2,32946481093,22302665779,5735688699,3968951411,445.3964507,91.99624563,4317190655,141376573.7,0.02547332186,5.046917384,10.23252595,10.49904713,21841297483,33046302068,3947213251,5756813069,921.668,0.581,1977.452,802.3,4376.01,0,0,0,56745.82,38403.54,10519.42,27109.34,13.59089655,15.27373448,16.7948069,55.657,-7.988454545,104.98,0.7356547327,3.7,31.3354,1.09,40902144,27879757,11371011,856460,363126,3467,0,99.775,14061.07,12637.71,20424.86
2562,มีนาคม,3,31046728617,21508524844,5408491508,3867822378,842.149707,475.9561246,4145573755,229039166.9,0.05347807271,5.063973456,8.890715021,9.15785701,22302665779,32946481093,3968951411,5735688699,927.507,0.624,2090.38,957.2388889,4504.892889,0,0,0,56768.85,38213.09,11282.69,26049.08,8.666487097,11.60170645,13.73465161,32.01136364,-23.64563636,107.42,-0.5372667774,3.56,32.0876,1.03,40978437,27931202,11405731,845409,361078,3682,0,94.98333333,14623.21,13088.32,21442.33
2562,เมษายน,4,33391430204,22827548940,5820848465,4081383021,468.9772344,473.0971448,4690385310,146132669.1,0.003136744724,5.072957791,9.612963434,61.77513463,21508524844,31046728617,3867822378,5408491508,732.797,0.335,1853.321,830.2333333,3625.338333,0,0,0,0,0,0,0,5.15067,8.503603333,9.697003333,18.3785,-13.63286364,111.92,-2.985800428,3.31,32.6378,0,40998909,27934437,11430972,836773,359419,3847,0,88.64333333,0,0,0
2562,พฤษภาคม,5,33250270294,22832818275,5759994958,4102131119,816.6897908,467.0851532,4908473007,248395569.3,0.03649635036,5.144974015,8.784939017,9.045934389,22827548940,33391430204,4081383021,5820848465,877.212,0.511,2017.077,773.5592593,3896.110259,0,0,0,0,0,0,0,7.290632258,8.652980645,11.23384839,29.37894737,11.00044737,111.65,-3.436259801,3.21,32.0417,0,41017455,27942356,11452341,825957,357298,4004,0,90.04,0,0,0
2562,มิถุนายน,6,32901528696,22351646045,5730517114,4043577817,420.7192376,481.491078,5249514304,311725968.8,0.02885624344,5.126293547,10.10983468,10.38089912,22832818275,33250270294,4102131119,5759994958,954.132,0.501,1918.467,832.2722222,3918.722222,0,0,0,0,0,0,0,9.487656667,10.46862333,10.98934333,40.26681818,10.88787081,110.25,-1.573732271,3.2,31.1625,0,41033312,27948593,11475450,813444,354470,4301,0,93.80666667,0,0,0
2562,กรกฏาคม,7,32386656079,22489583543,5636718046,4066555710,474.1993227,477.3388755,5626588833,291330234.4,0.05257301808,5.095227816,8.570474912,8.797258571,22351646045,32901528696,4043577817,5730517114,1074.269,0.501,2002.452,839.1759259,4182.683926,0,0,0,0,0,0,0,9.764222581,11.0075,10.7917871,43.24217391,2.975355731,107.3,-0.9805825243,3.13,31.4142,0,41094113,28000814,11497376,800581,351833,4522,0,94.54666667,0,0,0
2562,สิงหาคม,8,31065453357,20933610059,5434509684,3818034511,49.93655751,67.88042766,5201406495,213355571.7,0.009599661686,5.100186919,10.75843923,11.02098261,22489583543,32386656079,4066555710,5636718046,0,0,0,0,0,0,0,0,0,0,0,0,0,0,0,44.736,1.493826087,0,0,0,31.215,0,0,0,0,0,0,0,0,0,0,0,0
2562,กันยายน,9,30810773284,21138493379,5380392951,3795921402,471.2700929,490.5124971,4631265672,135232275.2,0.064,5.0859544,7.666067918,7.959199494,20933610059,31065453357,3818034511,5434509684,0,0,0,0,0,0,0,0,0,0,0,0,0,0,0,0,0,0,0,0,0,0,0,0,0,0,0,0,0,0,0,0,0
2562,ตุลาคม,10,51358278650,29077129084,9029944666,5490935482,398.927588,410.3815951,7118240495,403959668.3,0.0500324575,5.129802267,5.415955867,6.702059575,21138493379,30810773284,3795921402,5380392951,0,0,0,0,0,0,0,0,0,0,0,0,0,0,0,0,0,0,0,0,0,0,0,0,0,0,0,0,0,0,0,0,0
2562,พฤศจิกายน,11,29199404515,16394246276,5134057147,3117933079,282.6597138,314.8055467,4061296197,427747874.3,0.004174058228,5.142831368,6.913818016,7.873968242,29077129084,51358278650,5490935482,9029944666,0,0,0,0,0,0,0,0,0,0,0,0,0,0,0,0,0,0,0,0,0,0,0,0,0,0,0,0,0,0,0,0,0
2562,ธันวาคม,12,30168299522,16970950043,5277681047,3062632496,152.5503835,185.9224368,4044626153,265592721.7,0.009031107147,5.159900658,7.837104475,8.708510593,16394246276,29199404515,3117933079,5134057147,0,0,0,0,0,0,0,0,0,0,0,0,0,0,0,0,0,0,0,0,0,0,0,0,0,0,0,0,0,0,0,0,0